{
  "GET ALL ACTIVITIES" : {
    "transaction" : "GET ALL ACTIVITIES",
    "sampleCount" : 10,
    "errorCount" : 0,
    "errorPct" : 0.0,
    "meanResTime" : 99.0,
    "medianResTime" : 90.0,
    "minResTime" : 82.0,
    "maxResTime" : 159.0,
    "pct1ResTime" : 153.70000000000002,
    "pct2ResTime" : 159.0,
    "pct3ResTime" : 159.0,
    "throughput" : 10.559662090813093,
    "receivedKBytesPerSec" : 31.37065238912355,
    "sentKBytesPerSec" : 1.929407008975713
  },
  "Total" : {
    "transaction" : "Total",
    "sampleCount" : 30,
    "errorCount" : 0,
    "errorPct" : 0.0,
    "meanResTime" : 49.83333333333334,
    "medianResTime" : 26.0,
    "minResTime" : 23.0,
    "maxResTime" : 159.0,
    "pct1ResTime" : 104.70000000000003,
    "pct2ResTime" : 129.84999999999997,
    "pct3ResTime" : 159.0,
    "throughput" : 29.970029970029973,
    "receivedKBytesPerSec" : 62.02488917332668,
    "sentKBytesPerSec" : 6.586187250249751
  },
  "GET ONE ACTIVITY" : {
    "transaction" : "GET ONE ACTIVITY",
    "sampleCount" : 10,
    "errorCount" : 0,
    "errorPct" : 0.0,
    "meanResTime" : 25.6,
    "medianResTime" : 26.0,
    "minResTime" : 23.0,
    "maxResTime" : 28.0,
    "pct1ResTime" : 27.9,
    "pct2ResTime" : 28.0,
    "pct3ResTime" : 28.0,
    "throughput" : 12.254901960784313,
    "receivedKBytesPerSec" : 36.40088848039216,
    "sentKBytesPerSec" : 2.21402037377451
  },
  "POST ACTIVITY" : {
    "transaction" : "POST ACTIVITY",
    "sampleCount" : 10,
    "errorCount" : 0,
    "errorPct" : 0.0,
    "meanResTime" : 24.900000000000002,
    "medianResTime" : 25.0,
    "minResTime" : 23.0,
    "maxResTime" : 26.0,
    "pct1ResTime" : 26.0,
    "pct2ResTime" : 26.0,
    "pct3ResTime" : 26.0,
    "throughput" : 12.300123001230013,
    "receivedKBytesPerSec" : 3.2912438499384997,
    "sentKBytesPerSec" : 3.6395871771217716
  }
}